<?xml version="1.0" encoding="UTF-8"?>
<site>
   <description name="Freescale MQX support for ARM DS-5">
      Plug-ins with the support for Freescale MQX RTOS.
   </description>
   <feature url="features/com.freescale.mqx.ds5_1.0.1.201301310930.jar" id="com.freescale.mqx.ds5" version="1.0.1.201301310930">
      <category name="freescale_mqx_support_for_arm_ds5"/>
   </feature>
   <category-def name="freescale_mqx_support_for_arm_ds5" label="Freescale MQX support for ARM DS-5">
      <description>
         Plug-ins with the support for Freescale MQX RTOS.
      </description>
   </category-def>
</site>
